STRUCTURE,STRUCTURE_ID,STRUCTURE_NAME,ACTION,FREQ,Frequency,GEO_PICT,Pacific Island Countries and territories,INDICATOR,Indicator,COMMODITY,Commodity,TIME_PERIOD,Time,OBS_VALUE,Observation value,OBS_STATUS,Observation Status,UNIT_MULT,Unit multiplier,UNIT_MEASURE,Unit of measure,BASE_PER,Base period,OBS_COMMENT,Comment
DATAFLOW,SPC:DF_CPI(3.2),Consumer Price Index (Inflation rate and Index),I,A,Annual,MH,Marshall Islands,INF,Inflation rate,_T,Total,2021,,2.4,,,,,,PERCENT,percent,,,,
DATAFLOW,SPC:DF_CPI(3.2),Consumer Price Index (Inflation rate and Index),I,A,Annual,MH,Marshall Islands,INF,Inflation rate,_T,Total,2022,,3.6,,,,,,PERCENT,percent,,,,
DATAFLOW,SPC:DF_CPI(3.2),Consumer Price Index (Inflation rate and Index),I,A,Annual,MH,Marshall Islands,INF,Inflation rate,_T,Total,2023,,7.6,,,,,,PERCENT,percent,,,,
DATAFLOW,SPC:DF_CPI(3.2),Consumer Price Index (Inflation rate and Index),I,A,Annual,MH,Marshall Islands,INF,Inflation rate,_T,Total,2024,,6.3,,,,,,PERCENT,percent,,,,
DATAFLOW,SPC:DF_CPI(3.2),Consumer Price Index (Inflation rate and Index),I,A,Annual,WF,Wallis and Futuna,INF,Inflation rate,_T,Total,2020,,-0.1,,,,,,PERCENT,percent,,,,
DATAFLOW,SPC:DF_CPI(3.2),Consumer Price Index (Inflation rate and Index),I,A,Annual,WF,Wallis and Futuna,INF,Inflation rate,_T,Total,2021,,1.1,,,,,,PERCENT,percent,,,,
DATAFLOW,SPC:DF_CPI(3.2),Consumer Price Index (Inflation rate and Index),I,A,Annual,WF,Wallis and Futuna,INF,Inflation rate,_T,Total,2022,,4,,,,,,PERCENT,percent,,,,
DATAFLOW,SPC:DF_CPI(3.2),Consumer Price Index (Inflation rate and Index),I,A,Annual,WF,Wallis and Futuna,INF,Inflation rate,_T,Total,2023,,5,,,,,,PERCENT,percent,,,,
DATAFLOW,SPC:DF_CPI(3.2),Consumer Price Index (Inflation rate and Index),I,A,Annual,WF,Wallis and Futuna,INF,Inflation rate,_T,Total,2024,,2.9,,,,,,PERCENT,percent,,,,
DATAFLOW,SPC:DF_CPI(3.2),Consumer Price Index (Inflation rate and Index),I,A,Annual,VU,Vanuatu,INF,Inflation rate,_T,Total,2021,,2.3,,,,,,PERCENT,percent,,,,
DATAFLOW,SPC:DF_CPI(3.2),Consumer Price Index (Inflation rate and Index),I,A,Annual,VU,Vanuatu,INF,Inflation rate,_T,Total,2022,,6.7,,,,,,PERCENT,percent,,,,
DATAFLOW,SPC:DF_CPI(3.2),Consumer Price Index (Inflation rate and Index),I,A,Annual,VU,Vanuatu,INF,Inflation rate,_T,Total,2023,,11.2,,,,,,PERCENT,percent,,,,
DATAFLOW,SPC:DF_CPI(3.2),Consumer Price Index (Inflation rate and Index),I,A,Annual,VU,Vanuatu,INF,Inflation rate,_T,Total,2024,,1.1,,,,,,PERCENT,percent,,,,
DATAFLOW,SPC:DF_CPI(3.2),Consumer Price Index (Inflation rate and Index),I,A,Annual,VU,Vanuatu,INF,Inflation rate,_T,Total,2025,,0.7,,,,,,PERCENT,percent,,,,
DATAFLOW,SPC:DF_CPI(3.2),Consumer Price Index (Inflation rate and Index),I,A,Annual,NU,Niue,INF,Inflation rate,_T,Total,2019,,2.3,,,,,,PERCENT,percent,,,,
DATAFLOW,SPC:DF_CPI(3.2),Consumer Price Index (Inflation rate and Index),I,A,Annual,NU,Niue,INF,Inflation rate,_T,Total,2020,,2.3,,,,,,PERCENT,percent,,,,
DATAFLOW,SPC:DF_CPI(3.2),Consumer Price Index (Inflation rate and Index),I,A,Annual,NU,Niue,INF,Inflation rate,_T,Total,2021,,3.5,,,,,,PERCENT,percent,,,,
DATAFLOW,SPC:DF_CPI(3.2),Consumer Price Index (Inflation rate and Index),I,A,Annual,NU,Niue,INF,Inflation rate,_T,Total,2022,,3.2,,,,,,PERCENT,percent,,,,
DATAFLOW,SPC:DF_CPI(3.2),Consumer Price Index (Inflation rate and Index),I,A,Annual,NU,Niue,INF,Inflation rate,_T,Total,2023,,8.3,,,,,,PERCENT,percent,,,,
DATAFLOW,SPC:DF_CPI(3.2),Consumer Price Index (Inflation rate and Index),I,A,Annual,NU,Niue,INF,Inflation rate,_T,Total,2024,,1.8,,,,,,PERCENT,percent,,,,
DATAFLOW,SPC:DF_CPI(3.2),Consumer Price Index (Inflation rate and Index),I,A,Annual,NU,Niue,INF,Inflation rate,_T,Total,2025,,3.6,,,,,,PERCENT,percent,,,,
DATAFLOW,SPC:DF_CPI(3.2),Consumer Price Index (Inflation rate and Index),I,A,Annual,WS,Samoa,INF,Inflation rate,_T,Total,2020,,-1.6,,,,,,PERCENT,percent,,,,
DATAFLOW,SPC:DF_CPI(3.2),Consumer Price Index (Inflation rate and Index),I,A,Annual,WS,Samoa,INF,Inflation rate,_T,Total,2021,,3.1,,,,,,PERCENT,percent,,,,
DATAFLOW,SPC:DF_CPI(3.2),Consumer Price Index (Inflation rate and Index),I,A,Annual,WS,Samoa,INF,Inflation rate,_T,Total,2022,,11,,,,,,PERCENT,percent,,,,
DATAFLOW,SPC:DF_CPI(3.2),Consumer Price Index (Inflation rate and Index),I,A,Annual,WS,Samoa,INF,Inflation rate,_T,Total,2023,,7.9,,,,,,PERCENT,percent,,,,
DATAFLOW,SPC:DF_CPI(3.2),Consumer Price Index (Inflation rate and Index),I,A,Annual,WS,Samoa,INF,Inflation rate,_T,Total,2024,,2.2,,,,,,PERCENT,percent,,,,
DATAFLOW,SPC:DF_CPI(3.2),Consumer Price Index (Inflation rate and Index),I,A,Annual,WS,Samoa,INF,Inflation rate,_T,Total,2025,,2.2,,,,,,PERCENT,percent,,,,
DATAFLOW,SPC:DF_CPI(3.2),Consumer Price Index (Inflation rate and Index),I,A,Annual,FM,"Micronesia, Federated State of",INF,Inflation rate,_T,Total,2018,,1.5,,,,,,PERCENT,percent,,,,
DATAFLOW,SPC:DF_CPI(3.2),Consumer Price Index (Inflation rate and Index),I,A,Annual,FM,"Micronesia, Federated State of",INF,Inflation rate,_T,Total,2019,,1.9,,,,,,PERCENT,percent,,,,
DATAFLOW,SPC:DF_CPI(3.2),Consumer Price Index (Inflation rate and Index),I,A,Annual,FM,"Micronesia, Federated State of",INF,Inflation rate,_T,Total,2020,,0.6,,,,,,PERCENT,percent,,,,
DATAFLOW,SPC:DF_CPI(3.2),Consumer Price Index (Inflation rate and Index),I,A,Annual,FM,"Micronesia, Federated State of",INF,Inflation rate,_T,Total,2021,,3.2,,,,,,PERCENT,percent,,,,
DATAFLOW,SPC:DF_CPI(3.2),Consumer Price Index (Inflation rate and Index),I,A,Annual,FM,"Micronesia, Federated State of",INF,Inflation rate,_T,Total,2022,,5.3,,,,,,PERCENT,percent,,,,
DATAFLOW,SPC:DF_CPI(3.2),Consumer Price Index (Inflation rate and Index),I,A,Annual,FM,"Micronesia, Federated State of",INF,Inflation rate,_T,Total,2023,,5.8,,,,,,PERCENT,percent,,,,
DATAFLOW,SPC:DF_CPI(3.2),Consumer Price Index (Inflation rate and Index),I,A,Annual,FM,"Micronesia, Federated State of",INF,Inflation rate,_T,Total,2024,,5.1,,,,,,PERCENT,percent,,,,
DATAFLOW,SPC:DF_CPI(3.2),Consumer Price Index (Inflation rate and Index),I,A,Annual,PW,Palau,INF,Inflation rate,_T,Total,2018,,2.2,,,,,,PERCENT,percent,,,,
DATAFLOW,SPC:DF_CPI(3.2),Consumer Price Index (Inflation rate and Index),I,A,Annual,PW,Palau,INF,Inflation rate,_T,Total,2019,,0.2,,,,,,PERCENT,percent,,,,
DATAFLOW,SPC:DF_CPI(3.2),Consumer Price Index (Inflation rate and Index),I,A,Annual,PW,Palau,INF,Inflation rate,_T,Total,2020,,0.1,,,,,,PERCENT,percent,,,,
DATAFLOW,SPC:DF_CPI(3.2),Consumer Price Index (Inflation rate and Index),I,A,Annual,PW,Palau,INF,Inflation rate,_T,Total,2021,,2,,,,,,PERCENT,percent,,,,
DATAFLOW,SPC:DF_CPI(3.2),Consumer Price Index (Inflation rate and Index),I,A,Annual,PW,Palau,INF,Inflation rate,_T,Total,2022,,13.9,,,,,,PERCENT,percent,,,,
DATAFLOW,SPC:DF_CPI(3.2),Consumer Price Index (Inflation rate and Index),I,A,Annual,PW,Palau,INF,Inflation rate,_T,Total,2023,,11.6,,,,,,PERCENT,percent,,,,
DATAFLOW,SPC:DF_CPI(3.2),Consumer Price Index (Inflation rate and Index),I,A,Annual,PW,Palau,INF,Inflation rate,_T,Total,2024,,2.4,,,,,,PERCENT,percent,,,,
DATAFLOW,SPC:DF_CPI(3.2),Consumer Price Index (Inflation rate and Index),I,A,Annual,PW,Palau,INF,Inflation rate,_T,Total,2025,,-0.4,,,,,,PERCENT,percent,,,,
DATAFLOW,SPC:DF_CPI(3.2),Consumer Price Index (Inflation rate and Index),I,A,Annual,FJ,Fiji,INF,Inflation rate,_T,Total,2018,,4.1,,,,,,PERCENT,percent,,,,
DATAFLOW,SPC:DF_CPI(3.2),Consumer Price Index (Inflation rate and Index),I,A,Annual,FJ,Fiji,INF,Inflation rate,_T,Total,2019,,1.8,,,,,,PERCENT,percent,,,,
DATAFLOW,SPC:DF_CPI(3.2),Consumer Price Index (Inflation rate and Index),I,A,Annual,FJ,Fiji,INF,Inflation rate,_T,Total,2020,,-2.6,,,,,,PERCENT,percent,,,,
DATAFLOW,SPC:DF_CPI(3.2),Consumer Price Index (Inflation rate and Index),I,A,Annual,FJ,Fiji,INF,Inflation rate,_T,Total,2021,,0.2,,,,,,PERCENT,percent,,,,
DATAFLOW,SPC:DF_CPI(3.2),Consumer Price Index (Inflation rate and Index),I,A,Annual,FJ,Fiji,INF,Inflation rate,_T,Total,2022,,4.3,,,,,,PERCENT,percent,,,,
DATAFLOW,SPC:DF_CPI(3.2),Consumer Price Index (Inflation rate and Index),I,A,Annual,FJ,Fiji,INF,Inflation rate,_T,Total,2023,,2.4,,,,,,PERCENT,percent,,,,
DATAFLOW,SPC:DF_CPI(3.2),Consumer Price Index (Inflation rate and Index),I,A,Annual,FJ,Fiji,INF,Inflation rate,_T,Total,2024,,4.5,,,,,,PERCENT,percent,,,,
DATAFLOW,SPC:DF_CPI(3.2),Consumer Price Index (Inflation rate and Index),I,A,Annual,FJ,Fiji,INF,Inflation rate,_T,Total,2025,,0.2,,,,,,PERCENT,percent,,,,
DATAFLOW,SPC:DF_CPI(3.2),Consumer Price Index (Inflation rate and Index),I,A,Annual,PF,French Polynesia,INF,Inflation rate,_T,Total,2018,,1.2,,,,,,PERCENT,percent,,,,
DATAFLOW,SPC:DF_CPI(3.2),Consumer Price Index (Inflation rate and Index),I,A,Annual,PF,French Polynesia,INF,Inflation rate,_T,Total,2019,,3.3,,,,,,PERCENT,percent,,,,
DATAFLOW,SPC:DF_CPI(3.2),Consumer Price Index (Inflation rate and Index),I,A,Annual,PF,French Polynesia,INF,Inflation rate,_T,Total,2020,,6.4,,,,,,PERCENT,percent,,,,
DATAFLOW,SPC:DF_CPI(3.2),Consumer Price Index (Inflation rate and Index),I,A,Annual,PF,French Polynesia,INF,Inflation rate,_T,Total,2021,,0.5,,,,,,PERCENT,percent,,,,
DATAFLOW,SPC:DF_CPI(3.2),Consumer Price Index (Inflation rate and Index),I,A,Annual,PF,French Polynesia,INF,Inflation rate,_T,Total,2022,,-0.1,,,,,,PERCENT,percent,,,,
DATAFLOW,SPC:DF_CPI(3.2),Consumer Price Index (Inflation rate and Index),I,A,Annual,PF,French Polynesia,INF,Inflation rate,_T,Total,2023,,0.3,,,,,,PERCENT,percent,,,,
DATAFLOW,SPC:DF_CPI(3.2),Consumer Price Index (Inflation rate and Index),I,A,Annual,PF,French Polynesia,INF,Inflation rate,_T,Total,2024,,1.2,,,,,,PERCENT,percent,,,,
DATAFLOW,SPC:DF_CPI(3.2),Consumer Price Index (Inflation rate and Index),I,A,Annual,PF,French Polynesia,INF,Inflation rate,_T,Total,2025,,1.3,,,,,,PERCENT,percent,,,,
DATAFLOW,SPC:DF_CPI(3.2),Consumer Price Index (Inflation rate and Index),I,A,Annual,TK,Tokelau,INF,Inflation rate,_T,Total,2016,,-1.5,,,,,,PERCENT,percent,,,,
DATAFLOW,SPC:DF_CPI(3.2),Consumer Price Index (Inflation rate and Index),I,A,Annual,TK,Tokelau,INF,Inflation rate,_T,Total,2017,,3.8,,,,,,PERCENT,percent,,,,
DATAFLOW,SPC:DF_CPI(3.2),Consumer Price Index (Inflation rate and Index),I,A,Annual,TK,Tokelau,INF,Inflation rate,_T,Total,2018,,7.3,,,,,,PERCENT,percent,,,,
DATAFLOW,SPC:DF_CPI(3.2),Consumer Price Index (Inflation rate and Index),I,A,Annual,TK,Tokelau,INF,Inflation rate,_T,Total,2019,,6.5,,,,,,PERCENT,percent,,,,
DATAFLOW,SPC:DF_CPI(3.2),Consumer Price Index (Inflation rate and Index),I,A,Annual,TK,Tokelau,INF,Inflation rate,_T,Total,2020,,2.4,,,,,,PERCENT,percent,,,,
DATAFLOW,SPC:DF_CPI(3.2),Consumer Price Index (Inflation rate and Index),I,A,Annual,TK,Tokelau,INF,Inflation rate,_T,Total,2021,,2.9,,,,,,PERCENT,percent,,,,
DATAFLOW,SPC:DF_CPI(3.2),Consumer Price Index (Inflation rate and Index),I,A,Annual,TK,Tokelau,INF,Inflation rate,_T,Total,2022,,9.9,,,,,,PERCENT,percent,,,,
DATAFLOW,SPC:DF_CPI(3.2),Consumer Price Index (Inflation rate and Index),I,A,Annual,TK,Tokelau,INF,Inflation rate,_T,Total,2023,,10.9,,,,,,PERCENT,percent,,,,
DATAFLOW,SPC:DF_CPI(3.2),Consumer Price Index (Inflation rate and Index),I,A,Annual,TK,Tokelau,INF,Inflation rate,_T,Total,2024,,3.6,,,,,,PERCENT,percent,,,,
DATAFLOW,SPC:DF_CPI(3.2),Consumer Price Index (Inflation rate and Index),I,A,Annual,NC,New Caledonia,INF,Inflation rate,_T,Total,2016,,0.5,,,,,,PERCENT,percent,,,,
DATAFLOW,SPC:DF_CPI(3.2),Consumer Price Index (Inflation rate and Index),I,A,Annual,NC,New Caledonia,INF,Inflation rate,_T,Total,2017,,1.5,,,,,,PERCENT,percent,,,,
DATAFLOW,SPC:DF_CPI(3.2),Consumer Price Index (Inflation rate and Index),I,A,Annual,NC,New Caledonia,INF,Inflation rate,_T,Total,2018,,1.3,,,,,,PERCENT,percent,,,,
DATAFLOW,SPC:DF_CPI(3.2),Consumer Price Index (Inflation rate and Index),I,A,Annual,NC,New Caledonia,INF,Inflation rate,_T,Total,2019,,0.2,,,,,,PERCENT,percent,,,,
DATAFLOW,SPC:DF_CPI(3.2),Consumer Price Index (Inflation rate and Index),I,A,Annual,NC,New Caledonia,INF,Inflation rate,_T,Total,2020,,-0.5,,,,,,PERCENT,percent,,,,
DATAFLOW,SPC:DF_CPI(3.2),Consumer Price Index (Inflation rate and Index),I,A,Annual,NC,New Caledonia,INF,Inflation rate,_T,Total,2021,,0.6,,,,,,PERCENT,percent,,,,
DATAFLOW,SPC:DF_CPI(3.2),Consumer Price Index (Inflation rate and Index),I,A,Annual,NC,New Caledonia,INF,Inflation rate,_T,Total,2022,,3.7,,,,,,PERCENT,percent,,,,
DATAFLOW,SPC:DF_CPI(3.2),Consumer Price Index (Inflation rate and Index),I,A,Annual,NC,New Caledonia,INF,Inflation rate,_T,Total,2023,,1.7,,,,,,PERCENT,percent,,,,
DATAFLOW,SPC:DF_CPI(3.2),Consumer Price Index (Inflation rate and Index),I,A,Annual,NC,New Caledonia,INF,Inflation rate,_T,Total,2024,,1,,,,,,PERCENT,percent,,,,
DATAFLOW,SPC:DF_CPI(3.2),Consumer Price Index (Inflation rate and Index),I,A,Annual,NC,New Caledonia,INF,Inflation rate,_T,Total,2025,,1,,,,,,PERCENT,percent,,,,
DATAFLOW,SPC:DF_CPI(3.2),Consumer Price Index (Inflation rate and Index),I,A,Annual,CK,Cook Islands,INF,Inflation rate,_T,Total,2021,,1.9,,,,,,PERCENT,percent,,,,
DATAFLOW,SPC:DF_CPI(3.2),Consumer Price Index (Inflation rate and Index),I,A,Annual,CK,Cook Islands,INF,Inflation rate,_T,Total,2022,,9.5,,,,,,PERCENT,percent,,,,
DATAFLOW,SPC:DF_CPI(3.2),Consumer Price Index (Inflation rate and Index),I,A,Annual,CK,Cook Islands,INF,Inflation rate,_T,Total,2023,,9.1,,,,,,PERCENT,percent,,,,
DATAFLOW,SPC:DF_CPI(3.2),Consumer Price Index (Inflation rate and Index),I,A,Annual,CK,Cook Islands,INF,Inflation rate,_T,Total,2024,,3.1,,,,,,PERCENT,percent,,,,
DATAFLOW,SPC:DF_CPI(3.2),Consumer Price Index (Inflation rate and Index),I,A,Annual,CK,Cook Islands,INF,Inflation rate,_T,Total,2025,,1.2,,,,,,PERCENT,percent,,,,
DATAFLOW,SPC:DF_CPI(3.2),Consumer Price Index (Inflation rate and Index),I,A,Annual,TO,Tonga,INF,Inflation rate,_T,Total,2020,,-2.7,,,,,,PERCENT,percent,,,,
DATAFLOW,SPC:DF_CPI(3.2),Consumer Price Index (Inflation rate and Index),I,A,Annual,TO,Tonga,INF,Inflation rate,_T,Total,2021,,4.3,,,,,,PERCENT,percent,,,,
DATAFLOW,SPC:DF_CPI(3.2),Consumer Price Index (Inflation rate and Index),I,A,Annual,TO,Tonga,INF,Inflation rate,_T,Total,2022,,10.9,,,,,,PERCENT,percent,,,,
DATAFLOW,SPC:DF_CPI(3.2),Consumer Price Index (Inflation rate and Index),I,A,Annual,TO,Tonga,INF,Inflation rate,_T,Total,2023,,10.2,,,,,,PERCENT,percent,,,,
DATAFLOW,SPC:DF_CPI(3.2),Consumer Price Index (Inflation rate and Index),I,A,Annual,TO,Tonga,INF,Inflation rate,_T,Total,2024,,5.2,,,,,,PERCENT,percent,,,,
DATAFLOW,SPC:DF_CPI(3.2),Consumer Price Index (Inflation rate and Index),I,A,Annual,TO,Tonga,INF,Inflation rate,_T,Total,2025,,2.9,,,,,,PERCENT,percent,,,,
DATAFLOW,SPC:DF_CPI(3.2),Consumer Price Index (Inflation rate and Index),I,A,Annual,KI,Kiribati,INF,Inflation rate,_T,Total,2016,,1.9,,,,,,PERCENT,percent,,,,
DATAFLOW,SPC:DF_CPI(3.2),Consumer Price Index (Inflation rate and Index),I,A,Annual,KI,Kiribati,INF,Inflation rate,_T,Total,2017,,0.4,,,,,,PERCENT,percent,,,,
DATAFLOW,SPC:DF_CPI(3.2),Consumer Price Index (Inflation rate and Index),I,A,Annual,KI,Kiribati,INF,Inflation rate,_T,Total,2018,,0.6,,,,,,PERCENT,percent,,,,
DATAFLOW,SPC:DF_CPI(3.2),Consumer Price Index (Inflation rate and Index),I,A,Annual,KI,Kiribati,INF,Inflation rate,_T,Total,2019,,-1.9,,,,,,PERCENT,percent,,,,
DATAFLOW,SPC:DF_CPI(3.2),Consumer Price Index (Inflation rate and Index),I,A,Annual,KI,Kiribati,INF,Inflation rate,_T,Total,2020,,2.6,,,,,,PERCENT,percent,,,,
DATAFLOW,SPC:DF_CPI(3.2),Consumer Price Index (Inflation rate and Index),I,A,Annual,KI,Kiribati,INF,Inflation rate,_T,Total,2021,,2,,,,,,PERCENT,percent,,,,
DATAFLOW,SPC:DF_CPI(3.2),Consumer Price Index (Inflation rate and Index),I,A,Annual,KI,Kiribati,INF,Inflation rate,_T,Total,2022,,5.4,,,,,,PERCENT,percent,,,,
DATAFLOW,SPC:DF_CPI(3.2),Consumer Price Index (Inflation rate and Index),I,A,Annual,KI,Kiribati,INF,Inflation rate,_T,Total,2023,,9.2,,,,,,PERCENT,percent,,,,
DATAFLOW,SPC:DF_CPI(3.2),Consumer Price Index (Inflation rate and Index),I,A,Annual,KI,Kiribati,INF,Inflation rate,_T,Total,2024,,2.6,,,,,,PERCENT,percent,,,,
DATAFLOW,SPC:DF_CPI(3.2),Consumer Price Index (Inflation rate and Index),I,A,Annual,NR,Nauru,INF,Inflation rate,_T,Total,2017,,1.8,,,,,,PERCENT,percent,,,,
DATAFLOW,SPC:DF_CPI(3.2),Consumer Price Index (Inflation rate and Index),I,A,Annual,NR,Nauru,INF,Inflation rate,_T,Total,2018,,2.7,,,,,,PERCENT,percent,,,,
DATAFLOW,SPC:DF_CPI(3.2),Consumer Price Index (Inflation rate and Index),I,A,Annual,NR,Nauru,INF,Inflation rate,_T,Total,2019,,2.7,,,,,,PERCENT,percent,,,,
DATAFLOW,SPC:DF_CPI(3.2),Consumer Price Index (Inflation rate and Index),I,A,Annual,NR,Nauru,INF,Inflation rate,_T,Total,2020,,1.2,,,,,,PERCENT,percent,,,,
DATAFLOW,SPC:DF_CPI(3.2),Consumer Price Index (Inflation rate and Index),I,A,Annual,NR,Nauru,INF,Inflation rate,_T,Total,2021,,1.1,,,,,,PERCENT,percent,,,,
DATAFLOW,SPC:DF_CPI(3.2),Consumer Price Index (Inflation rate and Index),I,A,Annual,NR,Nauru,INF,Inflation rate,_T,Total,2022,,3.3,,,,,,PERCENT,percent,,,,
DATAFLOW,SPC:DF_CPI(3.2),Consumer Price Index (Inflation rate and Index),I,A,Annual,NR,Nauru,INF,Inflation rate,_T,Total,2023,,6.9,,,,,,PERCENT,percent,,,,
DATAFLOW,SPC:DF_CPI(3.2),Consumer Price Index (Inflation rate and Index),I,A,Annual,NR,Nauru,INF,Inflation rate,_T,Total,2024,,15.4,,,,,,PERCENT,percent,,,,
DATAFLOW,SPC:DF_CPI(3.2),Consumer Price Index (Inflation rate and Index),I,A,Annual,PG,Papua New Guinea,INF,Inflation rate,_T,Total,2016,,6.7,,,,,,PERCENT,percent,,,,
DATAFLOW,SPC:DF_CPI(3.2),Consumer Price Index (Inflation rate and Index),I,A,Annual,PG,Papua New Guinea,INF,Inflation rate,_T,Total,2017,,5.4,,,,,,PERCENT,percent,,,,
DATAFLOW,SPC:DF_CPI(3.2),Consumer Price Index (Inflation rate and Index),I,A,Annual,PG,Papua New Guinea,INF,Inflation rate,_T,Total,2018,,4.6,,,,,,PERCENT,percent,,,,
DATAFLOW,SPC:DF_CPI(3.2),Consumer Price Index (Inflation rate and Index),I,A,Annual,PG,Papua New Guinea,INF,Inflation rate,_T,Total,2019,,3.7,,,,,,PERCENT,percent,,,,
DATAFLOW,SPC:DF_CPI(3.2),Consumer Price Index (Inflation rate and Index),I,A,Annual,PG,Papua New Guinea,INF,Inflation rate,_T,Total,2020,,4.9,,,,,,PERCENT,percent,,,,
DATAFLOW,SPC:DF_CPI(3.2),Consumer Price Index (Inflation rate and Index),I,A,Annual,PG,Papua New Guinea,INF,Inflation rate,_T,Total,2021,,4.5,,,,,,PERCENT,percent,,,,
DATAFLOW,SPC:DF_CPI(3.2),Consumer Price Index (Inflation rate and Index),I,A,Annual,PG,Papua New Guinea,INF,Inflation rate,_T,Total,2022,,5.3,,,,,,PERCENT,percent,,,,
DATAFLOW,SPC:DF_CPI(3.2),Consumer Price Index (Inflation rate and Index),I,A,Annual,PG,Papua New Guinea,INF,Inflation rate,_T,Total,2023,,2.3,,,,,,PERCENT,percent,,,,
DATAFLOW,SPC:DF_CPI(3.2),Consumer Price Index (Inflation rate and Index),I,A,Annual,PG,Papua New Guinea,INF,Inflation rate,_T,Total,2024,,0.6,,,,,,PERCENT,percent,,,,
DATAFLOW,SPC:DF_CPI(3.2),Consumer Price Index (Inflation rate and Index),I,A,Annual,PG,Papua New Guinea,INF,Inflation rate,_T,Total,2025,,4.4,,,,,,PERCENT,percent,,,,
DATAFLOW,SPC:DF_CPI(3.2),Consumer Price Index (Inflation rate and Index),I,A,Annual,GU,Guam,INF,Inflation rate,_T,Total,2016,,6,,,,,,PERCENT,percent,,,,
DATAFLOW,SPC:DF_CPI(3.2),Consumer Price Index (Inflation rate and Index),I,A,Annual,GU,Guam,INF,Inflation rate,_T,Total,2017,,2.5,,,,,,PERCENT,percent,,,,
DATAFLOW,SPC:DF_CPI(3.2),Consumer Price Index (Inflation rate and Index),I,A,Annual,GU,Guam,INF,Inflation rate,_T,Total,2018,,2.6,,,,,,PERCENT,percent,,,,
DATAFLOW,SPC:DF_CPI(3.2),Consumer Price Index (Inflation rate and Index),I,A,Annual,GU,Guam,INF,Inflation rate,_T,Total,2019,,1.8,,,,,,PERCENT,percent,,,,
DATAFLOW,SPC:DF_CPI(3.2),Consumer Price Index (Inflation rate and Index),I,A,Annual,GU,Guam,INF,Inflation rate,_T,Total,2020,,1.7,,,,,,PERCENT,percent,,,,
DATAFLOW,SPC:DF_CPI(3.2),Consumer Price Index (Inflation rate and Index),I,A,Annual,GU,Guam,INF,Inflation rate,_T,Total,2021,,3.8,,,,,,PERCENT,percent,,,,
DATAFLOW,SPC:DF_CPI(3.2),Consumer Price Index (Inflation rate and Index),I,A,Annual,GU,Guam,INF,Inflation rate,_T,Total,2022,,7.9,,,,,,PERCENT,percent,,,,
DATAFLOW,SPC:DF_CPI(3.2),Consumer Price Index (Inflation rate and Index),I,A,Annual,GU,Guam,INF,Inflation rate,_T,Total,2023,,8.7,,,,,,PERCENT,percent,,,,
DATAFLOW,SPC:DF_CPI(3.2),Consumer Price Index (Inflation rate and Index),I,A,Annual,GU,Guam,INF,Inflation rate,_T,Total,2024,,4.2,,,,,,PERCENT,percent,,,,
DATAFLOW,SPC:DF_CPI(3.2),Consumer Price Index (Inflation rate and Index),I,A,Annual,SB,Solomon Islands,INF,Inflation rate,_T,Total,2016,,3.8,,,,,,PERCENT,percent,,,,
DATAFLOW,SPC:DF_CPI(3.2),Consumer Price Index (Inflation rate and Index),I,A,Annual,SB,Solomon Islands,INF,Inflation rate,_T,Total,2017,,3.3,,,,,,PERCENT,percent,,,,
DATAFLOW,SPC:DF_CPI(3.2),Consumer Price Index (Inflation rate and Index),I,A,Annual,SB,Solomon Islands,INF,Inflation rate,_T,Total,2018,,3.5,,,,,,PERCENT,percent,,,,
DATAFLOW,SPC:DF_CPI(3.2),Consumer Price Index (Inflation rate and Index),I,A,Annual,SB,Solomon Islands,INF,Inflation rate,_T,Total,2019,,2.2,,,,,,PERCENT,percent,,,,
DATAFLOW,SPC:DF_CPI(3.2),Consumer Price Index (Inflation rate and Index),I,A,Annual,SB,Solomon Islands,INF,Inflation rate,_T,Total,2020,,3,,,,,,PERCENT,percent,,,,
DATAFLOW,SPC:DF_CPI(3.2),Consumer Price Index (Inflation rate and Index),I,A,Annual,SB,Solomon Islands,INF,Inflation rate,_T,Total,2021,,0.1,,,,,,PERCENT,percent,,,,
DATAFLOW,SPC:DF_CPI(3.2),Consumer Price Index (Inflation rate and Index),I,A,Annual,SB,Solomon Islands,INF,Inflation rate,_T,Total,2022,,5.4,,,,,,PERCENT,percent,,,,
DATAFLOW,SPC:DF_CPI(3.2),Consumer Price Index (Inflation rate and Index),I,A,Annual,SB,Solomon Islands,INF,Inflation rate,_T,Total,2023,,5.1,,,,,,PERCENT,percent,,,,
DATAFLOW,SPC:DF_CPI(3.2),Consumer Price Index (Inflation rate and Index),I,A,Annual,SB,Solomon Islands,INF,Inflation rate,_T,Total,2024,,4.2,,,,,,PERCENT,percent,,,,
DATAFLOW,SPC:DF_CPI(3.2),Consumer Price Index (Inflation rate and Index),I,A,Annual,SB,Solomon Islands,INF,Inflation rate,_T,Total,2025,,3.4,,,,,,PERCENT,percent,,,,
DATAFLOW,SPC:DF_CPI(3.2),Consumer Price Index (Inflation rate and Index),I,A,Annual,AS,American Samoa,INF,Inflation rate,_T,Total,2021,,4.8,,,,,,PERCENT,percent,,,,
DATAFLOW,SPC:DF_CPI(3.2),Consumer Price Index (Inflation rate and Index),I,A,Annual,AS,American Samoa,INF,Inflation rate,_T,Total,2022,,11.7,,,,,,PERCENT,percent,,,,
DATAFLOW,SPC:DF_CPI(3.2),Consumer Price Index (Inflation rate and Index),I,A,Annual,AS,American Samoa,INF,Inflation rate,_T,Total,2023,,3.5,,,,,,PERCENT,percent,,,,
DATAFLOW,SPC:DF_CPI(3.2),Consumer Price Index (Inflation rate and Index),I,A,Annual,AS,American Samoa,INF,Inflation rate,_T,Total,2024,,1,,,,,,PERCENT,percent,,,,
DATAFLOW,SPC:DF_CPI(3.2),Consumer Price Index (Inflation rate and Index),I,A,Annual,TV,Tuvalu,INF,Inflation rate,_T,Total,2020,,1.5,,,,,,PERCENT,percent,,,,
DATAFLOW,SPC:DF_CPI(3.2),Consumer Price Index (Inflation rate and Index),I,A,Annual,TV,Tuvalu,INF,Inflation rate,_T,Total,2021,,6.7,,,,,,PERCENT,percent,,,,
DATAFLOW,SPC:DF_CPI(3.2),Consumer Price Index (Inflation rate and Index),I,A,Annual,TV,Tuvalu,INF,Inflation rate,_T,Total,2022,,12.2,,,,,,PERCENT,percent,,,,
DATAFLOW,SPC:DF_CPI(3.2),Consumer Price Index (Inflation rate and Index),I,A,Annual,TV,Tuvalu,INF,Inflation rate,_T,Total,2023,,6.8,,,,,,PERCENT,percent,,,,
DATAFLOW,SPC:DF_CPI(3.2),Consumer Price Index (Inflation rate and Index),I,A,Annual,TV,Tuvalu,INF,Inflation rate,_T,Total,2024,,0.4,,,,,,PERCENT,percent,,,,
